{"CI": 0.5723613126750579, "MSE": 0.6215787274496896, "AUPR": 0.5411931818181818}