{"epoch": [1, 2, 3, 4, 5, 6, 7, 8, 9, 10], "train_loss": [2.452576009186549, 0.7156918930308438, 0.6959175880064017, 0.6874535344905107, 0.6789204672415793, 0.6812191092036057, 0.6724886095290852, 0.6754783922958063, 0.6706043894399649, 0.676420354784894], "eval_loss": [0.6519808084159703, 0.6531500344152574, 0.6586563360768479, 0.6552706130526282, 0.6816284286898452, 0.7465041196578509, 0.7007588122959261, 0.6449259175108625, 0.7046988105232065, 0.9609163631866504], "best_loss": 0.6449259175108625}