{"epoch": [1, 2, 3, 4, 5, 6, 7, 8, 9, 10, 11, 12, 13, 14, 15, 16, 17, 18, 19, 20, 21, 22, 23, 24, 25, 26, 27, 28, 29, 30, 31, 32, 33, 34, 35, 36, 37, 38, 39, 40, 41, 42, 43, 44, 45, 46, 47, 48, 49, 50, 51, 52, 53, 54, 55, 56, 57, 58, 59, 60, 61, 62, 63, 64, 65, 66, 67, 68, 69, 70, 71, 72, 73, 74, 75, 76, 77, 78, 79, 80, 81, 82, 83, 84, 85, 86, 87, 88, 89, 90, 91, 92, 93, 94, 95, 96, 97, 98, 99, 100], "train_loss": [80.39603697515854, 0.6336812023619487, 0.5751944703659716, 0.5612762811129567, 0.5478080763490658, 0.5311835372292646, 0.5155885920462469, 0.5014092765918384, 0.4902486224516207, 0.47839932750413006, 0.46634597489033924, 0.4542435061077342, 0.44995808640209783, 0.43935047628825186, 0.4289834216868062, 0.41923067449358464, 0.41113719878056926, 0.4072912238319844, 0.4014439178017918, 0.39390996239278525, 0.3891085808556709, 0.38375554964286107, 0.37598688652927015, 0.37079773217148426, 0.36335772741889333, 0.3558622295771049, 0.35452574472085663, 0.3427280675898934, 0.33771730653626136, 0.32634432667241425, 0.3190630518069873, 0.30896190653406447, 0.2963372480112101, 0.28030227367380933, 0.27154150629470714, 0.2578454263726741, 0.24998732377147054, 0.27310505300663196, 0.2622695761317151, 0.2638787809237595, 0.2690494260492853, 0.29100034718404766, 0.2614541074157926, 0.2749857817100003, 0.26900731983324605, 0.2597009365352823, 0.26931845637020146, 0.2637147607360678, 0.24831068365309836, 0.25602879945540663, 0.2526848033216178, 0.24886961460890134, 0.2599822510434284, 0.2713280640518238, 0.25547487630906246, 0.257561504404009, 0.24820397328282023, 0.2547950416512132, 0.25636838439621445, 0.25761710272355653, 0.26172965231081563, 0.24054742995224868, 0.2381889385683917, 0.23861818248557734, 0.22454179731176419, 0.23236386764321343, 0.20773299494667238, 0.20897131425355855, 0.22685647588405236, 0.20448423900219828, 0.20313927574926557, 0.2035392791712323, 0.18445913195124666, 0.1822543873994669, 0.19736492920193688, 0.1903379515347341, 0.16143272926345323, 0.17256562227340785, 0.18225041024556765, 0.1707948538253284, 0.16078551477640382, 0.16339039940884525, 0.15551527596840253, 0.15971666860852257, 0.1494742974105021, 0.13615804478671728, 0.10279837489759107, 0.09647141028110678, 0.11573030620036762, 0.10573760378826713, 0.11663521360302592, 0.09670555985954375, 0.05862535962816753, 0.06964487590939292, 0.07086582035918383, 0.0628059675025144, 0.04919004447588315, 0.04218051288313314, 0.02734221576588647, 0.01825224484411047], "eval_loss": [0.760130904324643, 0.8865249706553174, 1.0161691350596291, 0.703274421103589, 0.6224478320641951, 0.5905142422620352, 0.5656223099727136, 0.5504935006429623, 0.5484472280972964, 0.585788945098976, 0.5991411373599783, 0.5617698311031639, 0.5093480352457468, 0.5611796922884978, 0.5389910115824117, 0.5329042764066102, 0.4788727226195397, 0.431216388553768, 0.42622144307409016, 0.4245650556373906, 0.42506473424372737, 0.4569710440836944, 0.46254805543205957, 0.42163028568029404, 0.4124503751079758, 0.4245242306164333, 0.4103808766835696, 0.43769031066399117, 0.4066374711208529, 0.4345819797221716, 0.40792601681374885, 0.4496133013979181, 0.41256328527029457, 0.43798758341120436, 0.6479545270467734, 0.6233155545476196, 0.5889683435489605, 1.0577002655376087, 1.1924865485785843, 0.9484791426689594, 0.8857730108422118, 0.6250002686079447, 0.6031976818264305, 0.6373107208834066, 0.6839576241644946, 0.5839944787613758, 0.6450168205933138, 0.6763172538636567, 0.8316465534947135, 0.485112746234064, 0.5186635054551162, 0.6485306903139337, 0.7689948705109683, 0.7210227725180712, 0.7072725592108516, 0.5993595589678009, 0.703025392123631, 0.8192869908623881, 0.5389210365035317, 0.8384201143469129, 0.818876517283452, 0.7255873726559924, 0.7234350110029245, 0.8549585973287558, 0.5885304684762831, 0.5302392232727695, 0.6761408796558133, 0.42430666011649293, 0.5308117303368333, 0.5779095381111293, 0.729411728583373, 0.8380091697364659, 0.5620984491202738, 0.7581887579970545, 0.4332115537934489, 0.5181330241166152, 0.6244668960571289, 0.45772910292272445, 0.686347047229866, 0.7698608752969024, 0.5277420489431975, 0.3418578284901458, 0.595341414019659, 0.8746988521767901, 0.8068407104386912, 0.549442136636028, 0.598526570317033, 0.7133268154673762, 0.4851067644822133, 0.41106283393773163, 0.6456301821903749, 0.7234654051142854, 0.6529969228552533, 0.45995545987184944, 0.5025559638614778, 0.5334163404904403, 0.3940711838084382, 0.38928747380321677, 0.5309948570929565, 0.4667136754308428], "best_loss": 0.3418578284901458}