{"CI": 0.850530303471236, "MSE": 0.3478889445012266, "AUPR": 0.5923787882275635}