{"CI": 0.5770459811027465, "MSE": 0.6255787055600773, "AUPR": 0.5464691558441559}