{"CI": 0.5676655820034958, "MSE": 0.6319513814402865, "AUPR": 0.5464691558441559}