{"CI": 0.5863415468832238, "MSE": 0.6211810986717026, "AUPR": 0.5464691558441559}