{"CI": 0.7577265103760173, "MSE": 0.5341163337617726, "AUPR": 0.412256611656175}