{"CI": 0.556038358787512, "MSE": 0.6270270436615138, "AUPR": 0.5434253246753247}