{"CI": 0.8260817055851745, "MSE": 0.4295548920507555, "AUPR": 0.5380380008842959}