{"epoch": [1, 2, 3, 4, 5, 6], "train_loss": [22.627596571701744, 0.7288770557226498, 0.7060226217543263, 0.6877878947056077, 0.6761735731110899, 0.6691609197796751], "eval_loss": [4.348178281412496, 0.6835878845546153, 0.8084658926183527, 0.7823783238599826, 0.7012159394753443, 0.6758945951988171], "best_loss": 0.6758945951988171}