{"epoch": [1, 2, 3, 4, 5, 6], "train_loss": [15.256503162438396, 0.7491205042464726, 0.7063539978541458, 0.6859882738963012, 0.6744206220591107, 0.6672336823194733], "eval_loss": [2.0344283124069116, 0.6773926615715027, 0.6582212912571894, 0.6811674024377551, 0.6525727771706396, 0.6490190387159199], "best_loss": 0.6490190387159199}