{"CI": 0.5332932871936344, "MSE": 0.6612976559183814, "AUPR": 0.04646915584415585}