{"epoch": [1, 2, 3, 4, 5, 6], "train_loss": [14.342873580778072, 0.5795227176591705, 0.5470795539186522, 0.5122599364880241, 0.47285830828964903, 0.4341378715799375], "eval_loss": [0.6451076520727826, 0.8393873274326324, 0.5885786578639761, 0.6029059143809529, 0.6495743717079039, 0.6942043180589552], "best_loss": 0.5885786578639761}