{"CI": 0.7435084461576453, "MSE": 0.578518784278399, "AUPR": 0.38271254736384824}