{"epoch": [1, 2, 3, 4, 5, 6, 7, 8, 9, 10, 11, 12, 13, 14, 15, 16, 17, 18, 19, 20, 21, 22, 23, 24, 25, 26, 27, 28, 29, 30, 31, 32, 33, 34, 35, 36, 37, 38, 39, 40, 41, 42, 43, 44, 45, 46, 47, 48, 49, 50, 51, 52, 53, 54, 55, 56, 57, 58, 59, 60, 61, 62, 63, 64, 65, 66, 67, 68, 69, 70, 71, 72, 73, 74, 75, 76, 77, 78, 79, 80, 81, 82, 83, 84, 85, 86, 87, 88, 89, 90, 91, 92, 93, 94, 95, 96, 97, 98, 99, 100], "train_loss": [69.80192304822444, 1.368260200326528, 0.9298964245699904, 0.8216821030995745, 0.7671087823007317, 0.7306058458280097, 0.7132360099387092, 0.6986493332378251, 0.6886262417033752, 0.6882440722532304, 0.6863081908575487, 0.6813981022430942, 0.6803195858040539, 0.679930257777826, 0.6779238001143116, 0.6755692424913959, 0.6711838894830077, 0.6718688060678177, 0.6709692906284953, 0.6681214208905782, 0.6665866513788118, 0.6652949226213201, 0.6662552210135257, 0.66586046061609, 0.6643784997517589, 0.663614019023479, 0.6641342834075034, 0.6638390125785666, 0.6638697977951373, 0.6623001091837495, 0.6616922719859145, 0.6602905834342447, 0.6564119487321338, 0.6566997556810659, 0.6556900698897893, 0.6537332430918753, 0.655792211476677, 0.6516434929852377, 0.6527233929509837, 0.6542241528678795, 0.649041399505317, 0.6471278117029209, 0.6459066945489144, 0.6435594903335509, 0.6401444392988659, 0.6373684090783619, 0.6362509448869997, 0.6283252048958397, 0.6272642730889957, 0.6233168386092792, 0.619810765360388, 0.6177414751790634, 0.615839654148984, 0.6144789016596269, 0.6152901005861425, 0.6124342808117695, 0.6128671973070027, 0.6117619461461853, 0.610599743135589, 0.6098577974285287, 0.6088499310350574, 0.6090238503019663, 0.6082291453591387, 0.6055295189739438, 0.6056243712234186, 0.6045515436302955, 0.603171424096881, 0.6026600606084258, 0.6022184034900478, 0.6012733958248984, 0.5999707174805943, 0.5988438330372304, 0.5992941433133054, 0.5973175010774345, 0.5968829412802035, 0.5962212866214666, 0.5955402913233356, 0.5959672649248415, 0.5939756265874795, 0.5936195113565712, 0.5925683799512224, 0.5920111102079335, 0.5909829836714928, 0.5893503579914764, 0.5893000717660115, 0.5894629530099005, 0.5884456666556555, 0.5877909173017992, 0.5869404156161442, 0.5877555631076863, 0.5878485603324753, 0.5868417481840239, 0.5864419868209851, 0.5858201203012311, 0.5849497311472505, 0.5838448595534707, 0.583150271192824, 0.582936927433511, 0.5825339157728885, 0.5812800061625067], "eval_loss": [2.1194958849386736, 7.97231066691411, 3.5258247867807166, 1.5605190760129457, 0.748720382908722, 0.6701897990393948, 0.6842277425450164, 0.7474470332071379, 0.7078251825137571, 0.6926763783414642, 0.6778286679998621, 0.6581204858693209, 0.6557541210930069, 0.6607337926889395, 0.6613767470245238, 0.663908523592082, 0.6785668661068012, 0.6716177949270645, 0.6585937471358807, 0.6811764267357913, 0.6886292363142038, 0.677460489915563, 0.7154282223094593, 0.6926429219447173, 0.7009570292838208, 0.6938922124636637, 0.7254211006613521, 0.7243508025036229, 0.6998621130531485, 0.8037408429693866, 0.9047285419005853, 0.8463922547442573, 0.9079436880427522, 1.0200887945565311, 0.9438802503146134, 0.9745611598739377, 1.003936848470143, 0.8326895651105163, 0.8824519820801624, 0.7578553034887685, 0.7316152060573752, 0.7184352638659539, 0.708323287692937, 0.6848492036005119, 0.6885064153315185, 0.7557342172443092, 0.7994621307044835, 0.9143486061653534, 0.6955627098486021, 0.6516747708831515, 0.6233850659488084, 0.6165637484231552, 0.6018183061054775, 0.5988418488920509, 0.6050124245804626, 0.591052871439364, 0.5999406730973875, 0.6082842566750266, 0.6100195967531824, 0.6676992255371886, 0.6823182965253854, 0.5901976001340073, 0.5898188660284142, 0.6485405752024094, 0.5889459196236226, 0.5900549542207223, 0.587882094762542, 0.6191135877138608, 0.5916423273163957, 0.6078516577745413, 0.6451882123947144, 0.6053231656551361, 0.6005851634137043, 0.6225151019049929, 0.6338523684383987, 0.6723852974253816, 0.6958127226922419, 0.7131298416620725, 0.6850232656125899, 0.6785673969364786, 0.6896300161039675, 0.670006830196876, 0.6689711545968985, 0.6668343335003047, 0.6547495351209269, 0.6488136066631838, 0.6644601986392752, 0.6547527344195874, 0.6506082165937919, 0.6378409738664503, 0.6582991027986849, 0.716933184629911, 0.7388173202415566, 0.7279635071754456, 0.7290440104998551, 0.7180929342647652, 0.7003863808009532, 0.6905896408217294, 0.6626267065475513, 0.6396058592703435], "best_loss": 0.587882094762542}