{"epoch": [1, 2, 3, 4, 5, 6, 7, 8, 9, 10, 11, 12, 13, 14, 15, 16, 17, 18, 19, 20, 21, 22, 23, 24, 25, 26, 27, 28, 29, 30, 31, 32, 33, 34, 35, 36, 37, 38, 39, 40, 41, 42, 43, 44, 45, 46, 47, 48, 49, 50, 51, 52, 53, 54, 55, 56, 57, 58, 59, 60, 61, 62, 63, 64, 65, 66, 67, 68, 69, 70, 71, 72, 73, 74, 75, 76, 77, 78, 79, 80, 81, 82, 83, 84, 85, 86, 87, 88, 89, 90, 91, 92, 93, 94, 95, 96, 97, 98, 99, 100], "train_loss": [72.4794730674172, 0.9427470573579061, 0.5880758736149108, 0.5722213677746465, 0.5584320166794408, 0.5431925149616279, 0.529560021449378, 0.5209994489867058, 0.5093996618974481, 0.5032607389777801, 0.4945907994667948, 0.48724666121339955, 0.48161762292687976, 0.47820244812033463, 0.4696045483944859, 0.4656121158056228, 0.45974286332580866, 0.4512970619364748, 0.4495986594730557, 0.44476930501018364, 0.443603990132335, 0.4456278799216988, 0.43261534635717785, 0.4337051927266758, 0.4301340854711564, 0.4240645250784846, 0.42001270636285165, 0.41747970112177757, 0.41135438524356494, 0.412247635788172, 0.41406027065037904, 0.4057413203708512, 0.40417642876845616, 0.4036823386866417, 0.399617416850907, 0.3979402606281473, 0.39452536234249896, 0.3886519091428297, 0.3864343198871768, 0.38462154212914385, 0.38583256784790115, 0.37659019382264014, 0.38646140752863806, 0.3816313339755279, 0.37715068425534215, 0.3711084173051853, 0.37093697881465626, 0.3718778818651597, 0.3694950595546623, 0.37249530512075085, 0.36555710551404796, 0.3616450972588132, 0.3720915529161012, 0.36338787067208306, 0.36651491643163203, 0.3696490572310426, 0.36573268298411604, 0.37175980778198675, 0.3581989583732251, 0.36527579571408636, 0.35986269918249175, 0.3560391731972803, 0.3467975207862326, 0.3398100613382818, 0.32914895134756544, 0.33414602124341536, 0.3270378672921308, 0.3148376117991314, 0.3180779937035874, 0.3085370289968745, 0.2883733985187176, 0.2894147753909667, 0.27621471071282117, 0.27096707473360365, 0.26482958538330337, 0.26552862424027257, 0.2481363219624622, 0.24302577438494283, 0.23799851420259632, 0.23611806731076504, 0.22553111520574612, 0.21071370404686912, 0.20136838920827022, 0.19382032373440772, 0.18818571343289914, 0.17314226799174318, 0.1677444689097156, 0.15425488063974566, 0.15044717895965234, 0.136775925173045, 0.13096127751304584, 0.11611771219522246, 0.1058509743466051, 0.09794221512657812, 0.08389882955712294, 0.07538545893729703, 0.06439544307826396, 0.052930580379277566, 0.04420289187312903, 0.03633765746454074], "eval_loss": [4.956242065925102, 0.6132778811764408, 0.5887056358835914, 0.5769001156478734, 0.5471467350597505, 0.5419552142356897, 0.5243476044822049, 0.5164789764525054, 0.5303400989089694, 0.5319891161732859, 0.6183335039909784, 0.5909939073509984, 0.5619751184017627, 0.617698889661145, 0.677556677491634, 0.5583171256176838, 0.5672996317024355, 0.7037865593061818, 0.6458817252090999, 0.5409873191799436, 0.5804385504165253, 0.7076074626151617, 0.5330575023378644, 0.5895463595916699, 0.8761209741041258, 0.7932370719197509, 0.5973044697727475, 0.5816022718881632, 0.6144461871741654, 0.6553850818377036, 0.7718351940055946, 0.9098061926953205, 0.6794222692003498, 0.906890691100777, 0.5288715995364375, 0.5496664122714625, 0.6449861762585578, 0.647738121159665, 0.9052231141499111, 0.6350755902466836, 0.9746073979836005, 0.693198668879348, 0.7660812863281795, 0.5473692780965335, 0.8225767504085194, 0.9572548479228825, 0.5677026183187187, 0.9255612914438371, 0.9196001364813222, 0.7455225310155323, 0.6559082486412742, 0.6334746704473124, 0.8050220252631547, 0.6236887309071305, 0.6893263554031198, 0.8160749871235389, 1.1720588969719874, 0.6279337957694933, 0.7515959853862787, 0.7592063385557819, 0.6834127833316852, 0.5309881778893533, 0.5031605333863914, 0.6626486797611435, 0.6153738992167758, 0.542342979993139, 1.0882232100158542, 0.7247489305672707, 1.1147275574795612, 0.9532997039231387, 0.82524883398762, 1.1333255458187748, 0.8488598098228504, 0.6581003064071977, 1.0455285721010976, 1.244418036628079, 1.1104599187126407, 0.9774575001233584, 0.8237314177797986, 0.46409217606891284, 0.48238186131824146, 0.6273474209494405, 0.6362414191682617, 0.6664782481921183, 0.6087737863327002, 0.632598639889197, 0.7366437265625247, 0.6668941001226376, 0.4347276369279081, 0.4655163199096531, 0.5245022485395531, 0.5134180265587646, 0.5551840461693801, 0.5363556717510347, 0.47633386161420255, 0.5392631816786605, 0.6306793041430511, 0.5363349709417913, 0.5130913002150399, 0.521088388639611], "best_loss": 0.4347276369279081}