{"CI": 0.7572192267223046, "MSE": 0.5410255240155505, "AUPR": 0.4679730897122201}