{"epoch": [1, 2, 3, 4, 5, 6, 7, 8, 9, 10, 11, 12, 13, 14, 15, 16, 17, 18, 19, 20, 21, 22, 23, 24, 25, 26, 27, 28, 29, 30, 31, 32, 33, 34, 35, 36, 37, 38, 39, 40, 41, 42, 43, 44, 45, 46, 47, 48, 49, 50, 51, 52, 53, 54, 55, 56, 57, 58, 59, 60, 61, 62, 63, 64, 65, 66, 67, 68, 69, 70, 71, 72, 73, 74, 75, 76, 77, 78, 79, 80, 81, 82, 83, 84, 85, 86, 87, 88, 89, 90, 91, 92, 93, 94, 95, 96, 97, 98, 99, 100], "train_loss": [65.32261064347692, 0.6312642716817825, 0.5759483277797699, 0.557039337942577, 0.5397516365742451, 0.5200865066789261, 0.5043245740356197, 0.49178744944765046, 0.48114881472789506, 0.4706625529725699, 0.4588910144198601, 0.4504548883010976, 0.44259504444824366, 0.4365444858027592, 0.42834523854115886, 0.4226682458910181, 0.4153862799417701, 0.4055127733499297, 0.39632010231771375, 0.3879704074964461, 0.3741510006620364, 0.36079079728173125, 0.346423145031696, 0.338515502136771, 0.3293162949310452, 0.3155846025928224, 0.28982290310075304, 0.28122586220599927, 0.2624446526897847, 0.25232810971208813, 0.24572133653909453, 0.2512225515485198, 0.24567248694089025, 0.24869926739787435, 0.23743225658367045, 0.2540581090927901, 0.2534422228410112, 0.2508020366539008, 0.23218696571716657, 0.23328089267500837, 0.2304726150311554, 0.24121632861392117, 0.2445170258563194, 0.2344374181975759, 0.2366589494170894, 0.2382723945359842, 0.23427464242672688, 0.2316807033767141, 0.23099354021129856, 0.23530068348013228, 0.2519241589385446, 0.22812762769115089, 0.2320745562594566, 0.22652741533731405, 0.23491062534554386, 0.23316747416114186, 0.23218265816520792, 0.24002295334486698, 0.23131298771316144, 0.23843572567845012, 0.23572553378751301, 0.2316950270329702, 0.23260906348399307, 0.2175475053659091, 0.22173813330039915, 0.20370387953345084, 0.21852613966123288, 0.2051648580824125, 0.1791953420211904, 0.19147663801326037, 0.1981373146564642, 0.1822057827482006, 0.20478583476733694, 0.16336288710855895, 0.1530225619625191, 0.1676973075111448, 0.17843592984765672, 0.16656106455609543, 0.16031911991026968, 0.17032997052910273, 0.16721802078648576, 0.16890570329629637, 0.15516358946453088, 0.1513459882683785, 0.14568562905155485, 0.14100621215974857, 0.1490393043146848, 0.12212150387393148, 0.13287721238180947, 0.11084187167912042, 0.10562076588261399, 0.11604455911860792, 0.08265317014209222, 0.08862727465478139, 0.07700493833480906, 0.05219982144595746, 0.056009066015093645, 0.037514676082066295, 0.027000523766909243, 0.017945425536374317], "eval_loss": [0.9343471500006589, 0.9034718236365875, 0.945815295368046, 0.8150971976967601, 0.6822408176474757, 0.6439721121803507, 0.5818837732076645, 0.5791897781483539, 0.5515407594767484, 0.5719627821213239, 0.7167012316065949, 0.6728155901292702, 0.6234476332153592, 0.5608476450690976, 0.6031827348006236, 0.5114837321755173, 0.5541035484570962, 0.5690588933693899, 0.4968729843566944, 0.5347949957305734, 0.629696942188523, 0.6394977499912311, 0.7064559380342434, 0.7184695212484954, 0.8169338145813385, 0.7109768131336609, 0.6119587301433861, 0.635769753100036, 0.5403871185980834, 0.6225000279290336, 0.6198783776202759, 1.0568562119038074, 1.0546741772007633, 0.8609050887745696, 0.6433072891328242, 0.7561531933871183, 0.5351347917473162, 0.5849172716790979, 0.7692911485572914, 0.6905670195043861, 0.6321904045807851, 0.7241549348676359, 0.641938661213045, 0.5591190728274259, 0.6801904772783255, 0.6685869202211305, 0.519505092462936, 0.4756174929343261, 0.5806675696527803, 0.8652510712673138, 1.0534667295294922, 0.588156220200774, 0.735981903292916, 0.7389001648921472, 0.7783652571114626, 0.919467484796202, 0.8313713762667272, 0.5679884868395793, 0.6731816745036608, 0.5202466750686819, 0.6054456822283856, 0.5691675530238585, 0.49034573795733516, 0.43587093616460826, 0.48752130703492597, 0.4646917956990081, 0.713483044466415, 0.5782681401673849, 0.7489785950679284, 0.5321921830053453, 0.4967698961883396, 0.7954717143015428, 0.747742594062508, 0.6228156778719518, 0.7073913359796846, 0.47555885028529477, 0.5758753757585179, 0.909340945931224, 0.9364072053463428, 0.3962129338995203, 0.44539198666423946, 0.8883057898515231, 0.8163672948812509, 0.45647495036775415, 0.6097692973040915, 0.41455853701411904, 0.5572368020748163, 0.9983242827576476, 0.9712868448975799, 0.6798737327773849, 0.3620568291320429, 0.5710239478132941, 0.6257187611870951, 0.37393666107159157, 0.4366735837289265, 0.5158927316789503, 0.5377460054375909, 0.4742528683953471, 0.4403394094922326, 0.4569840531844597], "best_loss": 0.3620568291320429}