{"CI": 0.7583332529961445, "MSE": 0.5341163337617726, "AUPR": 0.3731627055210799}