{"epoch": [1, 2, 3, 4, 5, 6, 7, 8, 9, 10, 11, 12, 13, 14, 15, 16, 17, 18, 19, 20, 21, 22, 23, 24, 25, 26, 27, 28, 29, 30, 31, 32, 33, 34, 35, 36, 37, 38, 39, 40, 41, 42, 43, 44, 45, 46, 47, 48, 49, 50, 51, 52, 53, 54, 55, 56, 57, 58, 59, 60, 61, 62, 63, 64, 65, 66, 67, 68, 69, 70, 71, 72, 73, 74, 75, 76, 77, 78, 79, 80, 81, 82, 83, 84, 85, 86, 87, 88, 89, 90, 91, 92, 93, 94, 95, 96, 97, 98, 99, 100], "train_loss": [53.55396496240013, 0.609662701815658, 0.5670178552015597, 0.5480900316556813, 0.5252638643649968, 0.5076906393715924, 0.49434116783670184, 0.47875868924665915, 0.4656776044190124, 0.45427349947562823, 0.4421606360895238, 0.4304421935291166, 0.41842268208339084, 0.4062838842697951, 0.3946819524811611, 0.38090374837675, 0.3623020438301447, 0.3480954249829345, 0.33021820591404694, 0.3106432911433304, 0.2921707466099084, 0.2772779687025648, 0.25996701783388365, 0.23099181691870238, 0.22373672436425274, 0.20781134209726065, 0.19634950961856967, 0.19620504237541547, 0.1579182840374083, 0.13559017776957552, 0.16461054701661443, 0.17741516191233253, 0.16690948132292066, 0.16478576829068436, 0.16670033279867047, 0.16176815432911976, 0.1503906376926829, 0.1722135401849638, 0.15410088577856848, 0.1649994975144001, 0.1840455564837114, 0.1492520641863152, 0.09036614956995563, 0.08934516287393601, 0.10301087023720679, 0.12529111959355663, 0.13414415658879358, 0.08658667638024212, 0.07877799409899727, 0.10405955279203502, 0.10227940721795303, 0.08578658117290817, 0.09545157244277311, 0.09553679717091862, 0.09685875350421337, 0.08352063382681496, 0.08068929437899823, 0.0700087237508561, 0.05060282804023365, 0.07048214474504856, 0.08394095812490399, 0.05249869149991278, 0.038288048058990935, 0.0427016512967088, 0.06166661133328362, 0.057577546133814494, 0.05553824991497427, 0.0685359859893687, 0.03734822202388938, 0.029118737721579083, 0.030216694563772857, 0.042777996012752915, 0.05527398762587422, 0.046764674593454854, 0.03275906918297373, 0.023600188960664046, 0.02609717971812145, 0.03888090532455071, 0.047108298398141756, 0.034419806570979594, 0.02049362419191323, 0.01796367874290151, 0.02617160450812757, 0.030482049382228028, 0.030992397189091782, 0.02100322637191279, 0.01304541149476986, 0.012608041270887813, 0.016563788643379845, 0.01718848143895354, 0.01449241467329889, 0.019019181620184004, 0.015380672835942103, 0.01139698427243322, 0.01156918510509479, 0.010836846490939685, 0.009678278452070605, 0.00924182201641633, 0.00843587068003581, 0.007808594779393572], "eval_loss": [1.2038560521292996, 1.0305390582456218, 0.7243750733988625, 0.7062240057177358, 0.6377542260792348, 0.7276940481229262, 0.6289087137231579, 0.6945026220826359, 0.6800167473492684, 0.7217694199704504, 0.6586040388067047, 0.7150350389155474, 0.6548088355497881, 0.5943171209716177, 0.6121964733321945, 0.6076069474220276, 0.6647618513602715, 0.797776416137621, 0.8236622376875444, 0.7219004004032581, 0.7079998378629808, 0.7709136462056791, 0.9078480307157938, 0.8227163255214691, 0.5053530461215353, 0.5551338070011759, 1.0705663763083422, 1.2328258861194958, 1.006746729860058, 1.038355625682063, 0.5356899946928024, 0.7726161696694114, 0.6894801212595655, 0.77708860999578, 1.2231347959537011, 1.0899690041294345, 0.6832544209508152, 0.5268166415490113, 0.7431031053329443, 0.9647115550257943, 1.1122691743559652, 0.8405934595442438, 0.8612890878281036, 0.8818559484048323, 0.9090813100337982, 1.484213246927633, 0.96599547274701, 1.1465147532425917, 0.7740860546564127, 0.5382393397294082, 0.6006163285150157, 0.9633395880847783, 1.101405965430396, 0.7725735221590314, 1.0252321974023597, 1.1071709882129321, 1.0537006073183828, 0.9002814447724974, 1.0794864134355024, 0.45737204632975836, 0.5441381716495984, 0.6941247365691445, 0.74113902836651, 0.7326394207291789, 0.7689035933513146, 0.8277240755496087, 0.990724414974064, 0.621114893393083, 0.7084638770524557, 0.7888706345836838, 0.8694872879362726, 0.6586639037379971, 0.8422979008067738, 0.9336030878029861, 0.8376808379377637, 0.816805396761213, 0.7552046419738175, 0.7106995830288181, 0.6330419763342127, 0.6652044909340995, 0.6919147519322185, 0.6659633081841778, 0.7092189301143993, 0.6650204637220928, 0.7717512768584412, 0.7699768206515869, 0.7287207539979513, 0.7437960079738072, 0.7505751453436814, 0.7278493789883403, 0.6155202884178657, 0.6784932698522296, 0.6796083798656216, 0.6755943762791621, 0.6432253900286439, 0.6386635189319586, 0.6341332332654432, 0.6974196070200437, 0.7627513160953274, 0.7592304155424043], "best_loss": 0.45737204632975836}