{"CI": 0.8753760783969264, "MSE": 0.3259957493706183, "AUPR": 0.629356286851368}