{"epoch": [1, 2, 3, 4, 5, 6], "train_loss": [19.98015265511379, 0.7240114331439574, 0.7041766214448388, 0.6835402264851312, 0.6746880683914458, 0.6670638808210043], "eval_loss": [0.7874634865816538, 1.0450514736887697, 0.8779930640737732, 0.8203771513003808, 0.711498443956499, 0.6639674824553651], "best_loss": 0.6639674824553651}