{"CI": 0.8945660699768687, "MSE": 0.2677250386445553, "AUPR": 0.6513015967193427}