{"epoch": [1, 2, 3, 4, 5, 6, 7, 8, 9, 10, 11, 12, 13, 14, 15, 16, 17, 18, 19, 20, 21, 22, 23, 24, 25, 26, 27, 28, 29, 30, 31, 32, 33, 34, 35, 36, 37, 38, 39, 40, 41, 42, 43, 44, 45, 46, 47, 48, 49, 50, 51, 52, 53, 54, 55, 56, 57, 58, 59, 60, 61, 62, 63, 64, 65, 66, 67, 68, 69, 70, 71, 72, 73, 74, 75, 76, 77, 78, 79, 80, 81, 82, 83, 84, 85, 86, 87, 88, 89, 90, 91, 92, 93, 94, 95, 96, 97, 98, 99, 100], "train_loss": [65.32299676702543, 0.6312687944511637, 0.5758940891062397, 0.5568649524197905, 0.5396132282791386, 0.5200094897117987, 0.5038932830774823, 0.4917803840644973, 0.4786661992438065, 0.47088962550660296, 0.4639893796428407, 0.45100091975364315, 0.4434672595041194, 0.4368899053975891, 0.43149502250192995, 0.42248048242606245, 0.4177728106028094, 0.407312525211794, 0.3962055763611964, 0.38611507590508226, 0.37312670950004256, 0.3607955606053629, 0.3452005093668494, 0.3280203276426085, 0.31327519310996277, 0.2925098672848959, 0.2763949877761474, 0.2623237774795352, 0.258751754991783, 0.2637858033083161, 0.25853876245332463, 0.24173095225317082, 0.22906077082848317, 0.24673854664016623, 0.24705660284924585, 0.2526197130109277, 0.2337228121411917, 0.23251288444871623, 0.24101114690497955, 0.23757346061813714, 0.231285128608977, 0.23242120968984858, 0.24369206544048236, 0.22089239886995246, 0.2322041463677192, 0.23913154836003866, 0.2372593587986421, 0.23615872986153594, 0.23036154857093427, 0.23816093744206507, 0.22663573129557632, 0.22620400747569455, 0.23639334796500128, 0.24975281992642032, 0.2382435813206415, 0.23524198372899904, 0.22137844450893154, 0.24254027819594653, 0.23481678986976512, 0.2280110921650057, 0.2434197162378106, 0.23086398325447927, 0.2362752541754067, 0.22756858844710484, 0.2155236612993265, 0.22043721489486942, 0.23568583723970654, 0.21502268044975759, 0.18385883673103315, 0.18382350826205182, 0.19449112396869286, 0.1921424928579346, 0.2053640795938355, 0.1617899803802711, 0.15426826430939697, 0.16674482878236896, 0.17096909203533242, 0.1800784498987058, 0.13751391801946714, 0.14285587327682234, 0.14272494679650577, 0.13827223932607166, 0.14091372654958345, 0.1522752639233872, 0.09898027765537318, 0.10370513613575444, 0.11849676446339984, 0.12787786211078253, 0.12007223887532853, 0.08511961236935874, 0.06307469211300344, 0.07164578995263926, 0.08029986444727218, 0.06763913476360349, 0.06475546560477745, 0.05548049936659561, 0.05530363917108079, 0.042763471867318846, 0.027974436687554328, 0.019300518842589973], "eval_loss": [0.9354573654664027, 0.9021717027410284, 0.9460024659509783, 0.8190143897935942, 0.6924752904610201, 0.6440935152304637, 0.613202107417119, 0.6091564822119552, 0.5492649866001946, 0.6684433014748933, 0.6498004859918124, 0.5327220038547145, 0.6609491450445992, 0.5774587257341905, 0.625066957690499, 0.6196346631297818, 0.627836243866326, 0.6606493689023055, 0.5826839611127779, 0.6005458709868517, 0.5237566426202849, 0.6431786506981044, 0.5721133277787791, 0.7558031933648246, 0.6804661582429687, 0.646991302827736, 0.9880346880330668, 1.051549057294796, 0.816391981654353, 0.6489255724402218, 0.5360663564174206, 0.7835602121693748, 0.824447565264516, 0.7729510154042926, 0.8392528647726233, 0.5556316534420113, 0.5340972912388963, 0.5402493012415899, 0.7550084544466688, 0.8536499908992222, 0.5388844560880166, 0.5253888409246098, 0.6152925857088782, 0.571873103449871, 0.8138478286080546, 0.5817425843183096, 0.7571366855076381, 0.8462593389021886, 0.7941048342686194, 0.5652277585747955, 0.9293548275123943, 1.0606019044077242, 0.6158169891153064, 0.6209816373400874, 0.5455564239195415, 0.5380573026932679, 0.45418309623544867, 0.6913467363103644, 0.7291511192724303, 0.7696077132766898, 1.1466070994154198, 1.1504401433003413, 0.4281142773953351, 0.6241236048472392, 0.4116611434267713, 0.4675370044522471, 0.5364639646821208, 0.5671830322448309, 0.5461661924015392, 0.8160955855598697, 0.9651015965969532, 0.5530859522231213, 0.5698800946210886, 0.6318914255538544, 0.5603308608005573, 0.5865032272292422, 0.41720585854022535, 0.7218123747930898, 0.6751850849235213, 0.9874148434632785, 0.6194370642497942, 0.9943479191173207, 0.36459459664372657, 0.45362858919354226, 0.48306427837966326, 0.7246178005422864, 0.4854711336748941, 0.7749243254785414, 0.4571155735424587, 0.5574362065110888, 0.4652153358056948, 0.44640435878332557, 0.8896737714092453, 0.691647854718295, 0.4868581250503466, 0.3819011840727422, 0.32068841914077856, 0.36031981441494704, 0.5097851267495712, 0.46854729253750343], "best_loss": 0.32068841914077856}