{"CI": 0.8600344098380658, "MSE": 0.3322069612996919, "AUPR": 0.614245779242425}}