{"epoch": [1, 2, 3, 4, 5, 6, 7, 8, 9, 10, 11, 12, 13, 14, 15, 16, 17, 18, 19, 20, 21, 22, 23, 24, 25, 26, 27, 28, 29, 30, 31, 32, 33, 34, 35, 36, 37, 38, 39, 40, 41, 42, 43, 44, 45, 46, 47, 48, 49, 50, 51, 52, 53, 54, 55, 56, 57, 58, 59, 60, 61, 62, 63, 64, 65, 66, 67, 68, 69, 70, 71, 72, 73, 74, 75, 76, 77, 78, 79, 80, 81, 82, 83, 84, 85, 86, 87, 88, 89, 90, 91, 92, 93, 94, 95, 96, 97, 98, 99, 100], "train_loss": [69.80191297484531, 0.766252066005713, 0.5846925779740274, 0.5680877907074235, 0.5545765431385475, 0.5413732908253561, 0.5300684632424034, 0.5177663068623807, 0.5087754534199495, 0.4984749608979551, 0.48968952389415776, 0.4810045495483697, 0.47151521576343997, 0.46482453856872036, 0.4594976850557793, 0.44837433643372127, 0.4436947220893947, 0.43982581857361314, 0.430444433751246, 0.4258480708839839, 0.41817170614528343, 0.41834458543733977, 0.41519738796867844, 0.4085632864543592, 0.4015460038612254, 0.4049206285795094, 0.39845138089276294, 0.39505202247964444, 0.3896957915943686, 0.383634803446574, 0.37584147391179484, 0.3824074226598398, 0.37160081384818794, 0.36782487688118937, 0.3718858140881753, 0.36304644060833835, 0.3548370866705618, 0.34833429734365173, 0.34090862396485644, 0.33212639881655914, 0.3308724830418534, 0.3243914955213715, 0.31434871673778136, 0.3108155012907345, 0.30848451803289717, 0.3154563439785463, 0.3021910991459017, 0.3028374843372196, 0.30784330611702676, 0.2939584406171637, 0.3043095185527584, 0.2967784517848142, 0.29751348451799214, 0.29572650892144303, 0.29697962483870477, 0.2912187868007231, 0.2977090435715374, 0.2918707754596437, 0.2927155114152144, 0.29693491485103335, 0.29348528564752896, 0.28504241624367743, 0.2815614611589947, 0.2762015865272342, 0.27684868925557465, 0.2612159745798049, 0.25679033334558093, 0.26308164267470086, 0.24600384471762063, 0.24669870112928582, 0.2329918582489902, 0.22688253784509746, 0.224116353190683, 0.2174310592952691, 0.20579343352236265, 0.19712220399309835, 0.19054683220211768, 0.1840983479001623, 0.1817717449284532, 0.17737329168797317, 0.1643083120304909, 0.15820524594003293, 0.1501923342529648, 0.14191751145675827, 0.13616646644249802, 0.12724882211378422, 0.12141617660559349, 0.11646109283067504, 0.10809755969659125, 0.09747476494758836, 0.08573040517853991, 0.07924160654944783, 0.07293576981374805, 0.06464554161343007, 0.05619580189451721, 0.04684944268231089, 0.03879127173960597, 0.031536333884813306, 0.02577875663923761, 0.020889230465352633], "eval_loss": [2.2697061996955377, 0.5974328641767626, 0.5964331578511697, 0.5824169955857388, 0.5502914054827257, 0.555120105867262, 0.5326566914846371, 0.555640774307313, 0.5661919933634919, 0.5731746867879645, 0.5863263038071719, 0.5562408641948329, 0.501476578511201, 0.5929837261701559, 0.6783136059711505, 0.569511296300145, 0.5773579267325339, 0.5873012029892438, 0.7151043895003083, 0.5701891806992617, 0.7371934923258695, 0.7292670050224701, 0.7419717102855831, 0.7236533323665718, 0.5440309456029495, 0.6196810105791339, 0.5770971606691162, 0.5913788364692167, 0.6542968231362182, 0.5690314818125266, 0.55759183210986, 0.7580384074093459, 0.7756731514032785, 0.6661846531288964, 1.004805714279026, 0.6464413114182361, 0.6480294597613347, 0.6776238730201474, 0.7529478320827732, 0.5618729471386253, 0.9153676315561518, 0.6157803510303621, 0.7865077005578326, 0.7956949813025338, 0.6828495186644715, 0.6640664710626973, 0.6607285468996346, 0.4299407455247718, 0.911826020324385, 0.7543689089936095, 0.5594069259120272, 0.638495415642664, 0.5971082348328132, 0.49543469583059285, 0.854614969584849, 0.5747537163944988, 0.4267067618958362, 0.4490399964444049, 0.4142873353965871, 0.5632836027191831, 0.4862855496731671, 0.5122002038088712, 0.4163647278562769, 0.44860026259700975, 0.6240183904573515, 0.443813237857509, 0.6822766764210416, 0.9635762057521127, 0.5960845941459978, 0.8272706815948734, 0.5842061884604491, 0.5326787366882547, 0.5794590340032206, 0.5483376188324643, 0.742469004609368, 0.761244875657094, 0.6337860211149439, 0.49362754512142826, 0.5511914729684978, 0.5887845464341053, 0.7131693272234557, 0.571569849918415, 0.6305613206191496, 0.543068605390462, 0.5594385498529905, 0.6288207063040177, 0.556263299344422, 0.6067167373446675, 0.6016108668469763, 0.4700660039852192, 0.5094577809432884, 0.5549747820024367, 0.5311236073831459, 0.5493378139935531, 0.5071671156140117, 0.4694380814378912, 0.465759825590369, 0.48129821771925146, 0.4869584897895912, 0.48626285404353947], "best_loss": 0.4142873353965871}