{"CI": 0.6188305105005837, "MSE": 0.599103277960381, "AUPR": 0.5420048701298701}