{"CI": 0.8831202954397034, "MSE": 0.3027997648754677, "AUPR": 0.6352381238225407}