{"epoch": [1, 2, 3, 4, 5, 6], "train_loss": [2.2957248697451735, 0.7135506907192815, 0.6905949660349359, 0.6864894402337773, 0.6782557458559154, 0.6754504714998438], "eval_loss": [0.6838324114486769, 0.6625241571432584, 0.6934303354907345, 0.6455059223747873, 0.6439855915385407, 0.6498454277004514], "best_loss": 0.6439855915385407}