{"CI": 0.5658481363350639, "MSE": 0.6408240665476044, "AUPR": 0.5434253246753247}