{"epoch": [1, 2, 3, 4, 5, 6, 7, 8, 9, 10, 11, 12, 13, 14, 15, 16, 17, 18, 19, 20, 21, 22, 23, 24, 25, 26, 27, 28, 29, 30, 31, 32, 33, 34, 35, 36, 37, 38, 39, 40, 41, 42, 43, 44, 45, 46, 47, 48, 49, 50, 51, 52, 53, 54, 55, 56, 57, 58, 59, 60, 61, 62, 63, 64, 65, 66, 67, 68, 69, 70, 71, 72, 73, 74, 75, 76, 77, 78, 79, 80, 81, 82, 83, 84, 85, 86, 87, 88, 89, 90, 91, 92, 93, 94, 95, 96, 97, 98, 99, 100], "train_loss": [72.26822895646484, 0.9184765471115175, 0.5875584170562048, 0.5724030401108707, 0.5577747963538776, 0.5450031251588939, 0.5310817038585774, 0.5210636047470453, 0.5122202493080487, 0.5035754099536797, 0.4965549046325373, 0.4908754058691888, 0.48353458858468246, 0.4787379249881844, 0.47434473416316003, 0.46774379020793433, 0.46132369528764233, 0.4592333447661384, 0.4574867831573424, 0.4454503056474928, 0.44466727787586297, 0.45067509863197996, 0.4377888111027522, 0.4360758807837769, 0.4308286784914495, 0.43380907381784645, 0.42810528019157995, 0.4147573877429341, 0.4190829839885041, 0.4149519511368065, 0.4077179373184322, 0.4045199469362874, 0.4022105020692372, 0.3997552687065609, 0.39970244472112254, 0.3968280555759268, 0.3948305740903954, 0.3945489246701573, 0.38558465305485246, 0.38362240155473204, 0.3789255994733071, 0.37239289968138023, 0.36614939468497176, 0.3643043161118069, 0.3595543500849012, 0.35754987971207997, 0.35764680691184747, 0.3558976572577262, 0.36008486195379436, 0.3526466571838149, 0.3551149671648535, 0.34608957617989583, 0.3461754076935181, 0.34410862333417325, 0.3500722042900732, 0.3429612653263229, 0.33530852150062784, 0.3383990334474303, 0.3444884884435113, 0.330991373485385, 0.33211085132356577, 0.3246814394521403, 0.31291194129067834, 0.30637627587644595, 0.29360360484752285, 0.28966275051672996, 0.28618636620549504, 0.27935293142104384, 0.26548602473269844, 0.2653467517819389, 0.2551241020523376, 0.2457528227412351, 0.23518990868465908, 0.23647704303070466, 0.2218891327369485, 0.21566027014573932, 0.21530786671156993, 0.20449576242933057, 0.19583569202535703, 0.18526505334272447, 0.1765341291549928, 0.17067751824758728, 0.16519501943638737, 0.15524979549724038, 0.1483937420120845, 0.1398616890856808, 0.13703288249550113, 0.12779230131776792, 0.11786870346541126, 0.11148299189460394, 0.09867868656201549, 0.08936237315692809, 0.08287149952900526, 0.0724514238293668, 0.06234036609287759, 0.05480577881639089, 0.045855794553963485, 0.03879820726848289, 0.03211188979495426, 0.02639338325448213], "eval_loss": [4.425102447534536, 0.6118774578555838, 0.5941193529537746, 0.6108853660233609, 0.5472217610517105, 0.5649515974831272, 0.5390217412601818, 0.5552586003557428, 0.5335077631783176, 0.5986452201357135, 0.582269230059215, 0.5233607733404482, 0.5277725011110306, 0.5436636463001177, 0.5461486138693699, 0.5751373390485714, 0.5203279858672774, 0.7191404317106519, 0.6914327028509858, 0.5643576350692031, 0.5644494746025507, 0.8044095948919073, 0.8048785359828503, 0.7595342788603399, 0.6964224809175962, 0.6652308772136639, 0.5465504412914252, 0.5767358046073419, 0.6915934807681418, 0.6038026554243905, 0.5859086854117257, 0.5520129600515613, 0.658995812589472, 0.6269068640547913, 0.8075793459043874, 1.000024192131959, 0.5837476921158952, 0.9384220076071752, 0.5566280493875603, 1.0917399053449754, 0.6212668705296207, 0.6114351648788947, 0.8513059325806507, 0.6287368901751258, 0.5116072531257357, 0.6487279973633877, 0.9384731274920625, 0.7198723241106256, 0.7366412438742527, 0.7290632879579222, 0.6237094924821482, 0.5750085694062246, 0.5110698262979458, 1.0320465642136414, 0.6467435181914986, 0.5313667959787629, 0.5542249058361177, 0.5999619819514164, 0.6471008981590147, 0.6860583370382135, 0.4959111548476405, 0.7837801668551061, 0.6182466565401523, 0.927727494921003, 0.850635633066103, 0.6341420773948941, 0.7495283523163239, 0.8574777307448449, 0.7837303799468202, 0.5062942597773168, 0.4740196841877776, 0.49796907236049703, 0.6036152224262039, 0.6909116611078188, 0.4781694278701559, 0.6985389001957782, 0.7652812818815182, 0.6282793515688413, 0.5789926713937289, 0.7042311356439219, 0.7658114638421443, 0.5935662928726766, 0.621443019478352, 0.6725508837730854, 0.552371316335418, 0.5795706119630244, 0.40633661445085106, 0.4814123075890851, 0.6879104445507, 0.6541066243276967, 0.5245657284538467, 0.5053620704195716, 0.422750465281598, 0.5195106298892529, 0.44317868081006134, 0.4960262845088909, 0.46849549068258955, 0.5019523135640405, 0.5030405130479243, 0.4933270252757258], "best_loss": 0.40633661445085106}