{"CI": 0.8294895001513282, "MSE": 0.4122271385866326, "AUPR": 0.5562064148438809}