{"epoch": [1, 2, 3, 4, 5, 6, 7, 8, 9, 10, 11, 12, 13, 14, 15, 16, 17, 18, 19, 20, 21, 22, 23, 24, 25, 26, 27, 28, 29, 30, 31, 32, 33, 34, 35, 36, 37, 38, 39, 40, 41, 42, 43, 44, 45, 46, 47, 48, 49, 50, 51, 52, 53, 54, 55, 56, 57, 58, 59, 60, 61, 62, 63, 64, 65, 66, 67, 68, 69, 70, 71, 72, 73, 74, 75, 76, 77, 78, 79, 80, 81, 82, 83, 84, 85, 86, 87, 88, 89, 90, 91, 92, 93, 94, 95, 96, 97, 98, 99, 100, 101, 102, 103, 104, 105, 106, 107, 108, 109, 110, 111, 112, 113, 114, 115, 116, 117, 118, 119, 120, 121, 122, 123, 124, 125, 126, 127, 128, 129, 130, 131, 132, 133, 134, 135, 136, 137, 138, 139, 140, 141, 142, 143, 144, 145, 146, 147, 148, 149, 150, 151, 152, 153, 154, 155, 156, 157, 158, 159, 160, 161, 162, 163, 164, 165, 166, 167, 168, 169, 170, 171, 172, 173, 174, 175, 176, 177, 178, 179, 180, 181, 182, 183, 184, 185, 186, 187, 188, 189, 190, 191, 192, 193, 194, 195, 196, 197, 198, 199, 200, 201, 202, 203, 204, 205, 206, 207, 208, 209, 210, 211, 212, 213, 214, 215, 216, 217, 218, 219, 220, 221, 222, 223, 224, 225, 226, 227, 228, 229, 230, 231, 232, 233, 234, 235, 236, 237, 238, 239, 240, 241, 242, 243, 244, 245, 246, 247, 248, 249, 250, 251, 252, 253, 254, 255, 256, 257, 258, 259, 260, 261, 262, 263, 264, 265, 266, 267, 268, 269, 270, 271, 272, 273, 274, 275, 276, 277, 278, 279, 280, 281, 282, 283, 284, 285, 286, 287, 288, 289, 290, 291, 292, 293, 294, 295, 296, 297, 298, 299, 300], "train_loss": [100.13376513055559, 12.810654543607166, 0.6167028234719454, 0.580934009353967, 0.564835876614729, 0.5533448360641927, 0.5410303344361557, 0.529087291963714, 0.5160710170913597, 0.5040766764735555, 0.49302727178175987, 0.4833682953146459, 0.4747382731507578, 0.46605851741489446, 0.45766220884913345, 0.4495633854151549, 0.4422003471501875, 0.4338037716255126, 0.4266240793835457, 0.4171812876039685, 0.408593863442977, 0.3985602452817103, 0.3861464234827396, 0.37922508330220894, 0.36930237487201195, 0.3524044210437066, 0.33605238363292395, 0.3259892972847538, 0.3113753727185221, 0.29579124005104895, 0.2803990555508517, 0.26421617976229045, 0.2497133331597822, 0.2376652540523765, 0.22306672010437284, 0.2223425964287904, 0.21274556015718254, 0.19205823314985934, 0.19593458620267115, 0.20305172727725404, 0.1888767011730601, 0.1932112907547904, 0.19672500681896551, 0.2037136789156482, 0.19191046241149062, 0.18429515042405953, 0.20295927875010897, 0.19719728992505647, 0.19598479275303476, 0.1987062804279576, 0.20100888406026635, 0.19518429174388272, 0.20595070743987925, 0.2074251905666112, 0.19449849659728694, 0.20479989236263188, 0.2127677550727459, 0.16409414166930444, 0.1638801153688555, 0.16994214310319883, 0.180952564148833, 0.18305295531058544, 0.2138321113557303, 0.20616298273254294, 0.20185655217120235, 0.21117268264876127, 0.20161352406107252, 0.1636509164099973, 0.1598359450261057, 0.16560078756914076, 0.17801415655725553, 0.1877681047986307, 0.21408872197136428, 0.1668561004611879, 0.168423748098872, 0.1765042400224201, 0.19731285558946746, 0.20200796141395352, 0.1985933126378137, 0.21060645932192135, 0.21983817991488144, 0.16543833634752403, 0.1663927172313684, 0.1706703174434578, 0.17253218712558188, 0.19475952618382264, 0.20460240622976317, 0.16443029696467645, 0.16431595969957327, 0.18767555841890918, 0.20188514686853956, 0.1950554984837091, 0.16777491899577338, 0.19487953962642907, 0.1963121408796854, 0.20383935399863154, 0.2309472106081655, 0.1731859564489961, 0.17678304924250426, 0.1715841829194308, 0.1998177480425819, 0.2016265283093002, 0.1791444151428701, 0.16834712086748999, 0.17507173312700533, 0.1907399796459108, 0.20257802642517836, 0.2125877197043127, 0.21739709454949593, 0.19982447351423072, 0.16858349279394366, 0.17692162064950706, 0.1802119254240772, 0.2087187034590625, 0.1745651751659592, 0.18934134105129427, 0.20222672278892723, 0.1986790462017836, 0.20292369907278968, 0.17692157669836225, 0.18598073873826657, 0.18488470164009335, 0.19883967329314167, 0.20439246088169297, 0.24052855595703623, 0.23432403230123489, 0.1782956039138648, 0.1852095114728527, 0.1917108296377263, 0.19436599923364503, 0.2098800065754291, 0.20592174040766414, 0.19546581414021577, 0.19987259089267215, 0.22432032072194624, 0.18890158856342204, 0.1808472095172646, 0.19942593919143614, 0.20156790476280237, 0.19253857974994454, 0.2176154248100927, 0.23103188485489606, 0.1955262374994421, 0.19184396949866694, 0.20344057006925248, 0.195287721334723, 0.19125164771021771, 0.2162130398596925, 0.22529257955302634, 0.21698791310433843, 0.2308928866533969, 0.19320188885014686, 0.2021862696310208, 0.21820261370669747, 0.23001745823734357, 0.2141749639221822, 0.21787364378037594, 0.2254456449603413, 0.20284684402837816, 0.1970991078242417, 0.20941072794630008, 0.20665608302778063, 0.21184949125451452, 0.20597905410811645, 0.21105492949874083, 0.21815398102474523, 0.19397019184761793, 0.2012562381910579, 0.2042224218383286, 0.2166414926805403, 0.23917599968879152, 0.2302276065955333, 0.22644489823995273, 0.2004282974701751, 0.20680328562904257, 0.20103975004404298, 0.2123670707599348, 0.22912061600323996, 0.2195220063971386, 0.22382848202599764, 0.2279851979755035, 0.22801029022042837, 0.19787770373813493, 0.22144372926278688, 0.22871587847750816, 0.19282320132084702, 0.19464328001687115, 0.20191885103814378, 0.21501582283344642, 0.22067730310782546, 0.2122819219330623, 0.19427450069192956, 0.20892754983436013, 0.2026103448838675, 0.20163735497366722, 0.2150741023427112, 0.22211161627152068, 0.17556097851125735, 0.17936034473903015, 0.18184263550400345, 0.18937478733858767, 0.18932653793682883, 0.16249607806776556, 0.16962447502811104, 0.1846637707871024, 0.18906205807621393, 0.1909057710331892, 0.20660965785335642, 0.1811745001021348, 0.16004209251959084, 0.16613244524996132, 0.15890264960084755, 0.17003352428006815, 0.15232854431149237, 0.17437579269226677, 0.191231928037704, 0.18312343809426024, 0.14413021385960936, 0.1464316617297039, 0.16481388484033777, 0.17661378663700644, 0.19375103170883384, 0.1896534700929536, 0.1322364044597172, 0.1353589136650974, 0.14297473923294085, 0.15160079766368245, 0.16572282288575405, 0.164160876810939, 0.1359984344447863, 0.12733750321966042, 0.13879023761722087, 0.16056397712580156, 0.1690892030876312, 0.17079735882216246, 0.1850408967766389, 0.20687160373996058, 0.15779170558972933, 0.11486804179531744, 0.11960035885292855, 0.12855952475766017, 0.14004831996530975, 0.16095494561455537, 0.14091504792340026, 0.10225365007544962, 0.1033862736136789, 0.11517169765812567, 0.1269704322133468, 0.1301591938501072, 0.15341317221667944, 0.12097917727713477, 0.09161620411160326, 0.10331183354027497, 0.10397922367779751, 0.13364045065903507, 0.12350457710144186, 0.12352088789064256, 0.14145755678026994, 0.15588532945183667, 0.09634454389397018, 0.07760788757560308, 0.094362407146137, 0.11549814365779927, 0.10003155367964642, 0.11699286547371153, 0.08702131962640278, 0.06801533654138009, 0.07862726210674167, 0.0896597519298524, 0.10370871857876499, 0.11031519648306533, 0.12895815769750443, 0.09305241197978635, 0.05623620061707419, 0.05609810176375246, 0.06464888844699736, 0.10368567541338722, 0.10214437447269888, 0.05382200495524981, 0.04487540244036855, 0.04691655995742894, 0.06070753158425081, 0.07354988169276948, 0.10232599550427365, 0.07096419386347265, 0.033951642331500394, 0.031225095870100715, 0.029407664453944476, 0.031535986926200334, 0.0456376721845873, 0.04381449844882329, 0.04497589257087692, 0.04572617694893275, 0.03246182487543418, 0.015866225894771102, 0.014320884509685567, 0.017735141751141034, 0.016387797209528255, 0.01231599138163831, 0.01005561723819773],