{"CI": 0.8432657289709993, "MSE": 0.44587826612707854, "AUPR": 0.5785588334079713}