{"CI": 0.8371090203245408, "MSE": 0.46084012749133174, "AUPR": 0.5672586505327261}