{"epoch": [1, 2, 3, 4, 5, 6, 7, 8, 9, 10], "train_loss": [2.2966267932509754, 0.7109262499630645, 0.6923039989479202, 0.6859423153175205, 0.6785721708974931, 0.675473327454216, 0.6764494728187784, 0.6765454535763893, 0.673609798331214, 0.6736523003259777], "eval_loss": [0.6957436412959904, 0.7366993984618744, 0.6741850801876613, 0.6528989475268823, 0.684317075199895, 0.6665319378499861, 0.6535849793777837, 0.7903536538799087, 0.6503381518187461, 0.6937706044742039], "best_loss": 0.6503381518187461}