{"CI": 0.8705653670363772, "MSE": 0.3599225258478871, "AUPR": 0.5978081450069792}