{"epoch": [1, 2, 3, 4, 5, 6, 7, 8, 9, 10, 11, 12, 13, 14, 15, 16, 17, 18, 19, 20, 21, 22, 23, 24, 25, 26, 27, 28, 29, 30, 31, 32, 33, 34, 35, 36, 37, 38, 39, 40, 41, 42, 43, 44, 45, 46, 47, 48, 49, 50, 51, 52, 53, 54, 55, 56, 57, 58, 59, 60, 61, 62, 63, 64, 65, 66, 67, 68, 69, 70, 71, 72, 73, 74, 75, 76, 77, 78, 79, 80, 81, 82, 83, 84, 85, 86, 87, 88, 89, 90, 91, 92, 93, 94, 95, 96, 97, 98, 99, 100], "train_loss": [2.2966267932509754, 0.7109262499630645, 0.6923039989479202, 0.6859423153175205, 0.6785721708974931, 0.675473327454216, 0.6764494728187784, 0.6765454535763893, 0.673609798331214, 0.6736523003259777, 0.6724323175046654, 0.6719172540627396, 0.6710232194355334, 0.6709756094003734, 0.6696137142297888, 0.6694098557633763, 0.6688122256182693, 0.6695558056963383, 0.6676502841303326, 0.6690103590294282, 0.6669544874651036, 0.6677378307336317, 0.6663382765912854, 0.6668425446030372, 0.6671395826029078, 0.6658771050675296, 0.6654340066622445, 0.6653128530381168, 0.6650560429313672, 0.6644405140162291, 0.6643462097605976, 0.6649282074712387, 0.6630355489564641, 0.6627588896293205, 0.6644126574845578, 0.6619969857826296, 0.6619928306399416, 0.661815221418387, 0.6611353904494245, 0.6611189555850013, 0.6593998251209818, 0.6605954239150988, 0.660408315421704, 0.6596531924285018, 0.6576496443259211, 0.6582396642004628, 0.6579625966688709, 0.6574825310551771, 0.65706783901985, 0.654816173089832, 0.6536434547132312, 0.6525514886899569, 0.6513605151774441, 0.6513674736799557, 0.6500332155522772, 0.648761120215301, 0.6488667776025467, 0.6501137191969719, 0.6486003641585185, 0.6494729384925544, 0.648042696889138, 0.647944388055646, 0.6472658733397431, 0.647555934683896, 0.6471388596276896, 0.6482154598841838, 0.6485780699827772, 0.6474722003509633, 0.6483391236987098, 0.6478215948184073, 0.6451652033515396, 0.6458336666274925, 0.6478956306796121, 0.6466768109254806, 0.6458190081562204, 0.6474644930044292, 0.6468066350839037, 0.6463950849123032, 0.6472433176413421, 0.6473233921131792, 0.6475125055165555, 0.6474392357788956, 0.6471082100262471, 0.6464531216831083, 0.6469057910022984, 0.6450886569116325, 0.6475332421083791, 0.6474150081410859, 0.645977652325304, 0.6474218923804814, 0.6470875047899612, 0.6485712584532821, 0.6484870837837555, 0.6487739030817821, 0.6474342526752708, 0.646729470755456, 0.6480970179801655, 0.648605329594317, 0.6485469304389208, 0.6482963782374168], "eval_loss": [0.6957436412959904, 0.7366993984618744, 0.6741850801876613, 0.6528989475268823, 0.684317075199895, 0.6665319378499861, 0.6535849793777837, 0.7903536538799087, 0.6503381518187461, 0.6937706044742039, 0.6804865045206887, 0.7395092724979698, 0.9338266121876704, 0.7223100277123513, 0.8577698076313193, 0.6730474045911392, 0.7829045798484381, 0.7503916855369296, 0.7438707140746055, 0.9163523593119213, 0.7235402126203884, 1.0205512681564728, 0.7611983619727097, 1.0876478367037588, 1.1814197100602186, 0.6896714767465344, 0.9589373639651707, 0.7658035983512927, 0.8350316210613622, 0.8200121744499578, 0.8236871402372014, 0.9474624836599672, 0.7487900377093971, 0.8029022158740403, 0.7387592835085732, 0.6560897711035493, 0.7552570019449506, 0.775149125170398, 0.749725030614184, 0.7334962754280536, 0.6559864151013362, 0.7407052867211305, 0.6494701659524595, 0.6924436721321824, 0.8157845600084825, 0.7030829454397226, 0.6463755407890717, 0.6358765038576993, 0.6381675453929158, 0.665919128563497, 0.6519626369336983, 0.6627245500877306, 0.6500430687681421, 0.6340634828651106, 0.6263710297160334, 0.6639859389949154, 0.6275370513850992, 0.625870318962382, 0.625096259372575, 0.6272921676372553, 0.6261653340869135, 0.6243842037080171, 0.6246658008206974, 0.6322148068771734, 0.6417210626524764, 0.6398162619247065, 0.6274538233682707, 0.6633411851022151, 0.6580246584368991, 0.6544475578642511, 0.6753495794225048, 0.6567072438729273, 0.6475963745411341, 0.6394569364848075, 0.6698320537031471, 0.6536589909296531, 0.6585061774625407, 0.6829119295655907, 0.6770079350703723, 0.6637600449385581, 0.6680991872177495, 0.6994946088109698, 0.6838932041223947, 0.6593808493056854, 0.6620012904916491, 0.6399094590118953, 0.6661171353869624, 0.6414199992046727, 0.6746744788312292, 0.6674459251490507, 0.6758628835925808, 0.690053040911625, 0.6738545327604591, 0.6952072469057975, 0.6738735576728722, 0.7017293949792911, 0.6477280367504467, 0.6670551243927572, 0.6877343370155855, 0.7027550155853296], "best_loss": 0.6243842037080171}