{"CI": 0.6772695678608797, "MSE": 0.5643268864263188, "AUPR": 0.25193707258924647}