{"CI": 0.8113595784758738, "MSE": 0.4236100799851603, "AUPR": 0.5624383258662735}