{"epoch": [1, 2, 3, 4, 5, 6], "train_loss": [14.351163951698267, 0.574070037673273, 0.5543902312505518, 0.5531139893135729, 0.4935872291703178, 0.4510703442151073], "eval_loss": [0.701324719500232, 0.6536063155183545, 0.6192897759474717, 0.5409003890954055, 0.7098901674344942, 0.6654956778148552], "best_loss": 0.5409003890954055}