{"epoch": [1, 2, 3, 4, 5, 6, 7, 8, 9, 10, 11, 12, 13, 14, 15, 16, 17, 18, 19, 20, 21, 22, 23, 24, 25, 26, 27, 28, 29, 30, 31, 32, 33, 34, 35, 36, 37, 38, 39, 40, 41, 42, 43, 44, 45, 46, 47, 48, 49, 50, 51, 52, 53, 54, 55, 56, 57, 58, 59, 60, 61, 62, 63, 64, 65, 66, 67, 68, 69, 70, 71, 72, 73, 74, 75, 76, 77, 78, 79, 80, 81, 82, 83, 84, 85, 86, 87, 88, 89, 90, 91, 92, 93, 94, 95, 96, 97, 98, 99, 100], "train_loss": [65.28979351737989, 0.6309989906289291, 0.5758428911432769, 0.5566962505008188, 0.5389587262748508, 0.5201831373601472, 0.5035824545625754, 0.49073810084246655, 0.47575017644838713, 0.4637913281637993, 0.4526934047087008, 0.44054519732145997, 0.4338503500343534, 0.42072655857580105, 0.4100865431445429, 0.3959257154200675, 0.3850298799113264, 0.3674094251293313, 0.3545485269945685, 0.33972950352519654, 0.318137095591921, 0.2949019867550667, 0.276428449037409, 0.2689670561190925, 0.24231943818179327, 0.22422263215535626, 0.2131972344719626, 0.19769462149481043, 0.15896659388118925, 0.17215533370109645, 0.1805721618453532, 0.14856250251640327, 0.1701855139157671, 0.16600312942984827, 0.14315878636285614, 0.1645920653781984, 0.16234114261325874, 0.1724288194934786, 0.1745298884881824, 0.16572180407346265, 0.168509589878278, 0.16141768622573113, 0.17530645573275097, 0.15768798321776747, 0.12291580370660714, 0.13234054357881267, 0.1690924969237868, 0.15838283429025438, 0.14079165199000984, 0.13385672847882932, 0.15149539951781107, 0.16596522643337033, 0.1722413857470506, 0.17096738408073928, 0.16899859339775403, 0.12069482315052604, 0.1104502856051883, 0.1300041476804581, 0.14029478497730405, 0.15846150878100906, 0.1723965913397093, 0.16385898848309968, 0.12397281881361132, 0.09104608586634409, 0.09024196576800331, 0.09409115771711456, 0.12674383923459906, 0.1298834722404177, 0.12556082633982263, 0.09331618948363325, 0.11173230270075488, 0.10762832598936674, 0.09894389671300832, 0.0975136597328349, 0.09832015312018923, 0.0733661841030812, 0.09941133344697642, 0.08930214102522559, 0.050423121577316855, 0.04286969180676953, 0.045559877129301964, 0.05292207651835311, 0.061463978214353225, 0.04867858328653275, 0.04077627506192033, 0.054925789686484136, 0.04276128587121878, 0.025675987357619532, 0.024756908271134095, 0.04278563120150605, 0.038734084944747366, 0.022414983890295417, 0.025460809096087268, 0.02643353623680843, 0.02211915376119874, 0.01636583030114636, 0.014036288480380556, 0.014932815426905983, 0.01197375789745817, 0.009319286816222563], "eval_loss": [0.9494923651218414, 0.9031192002358375, 0.9594625296530785, 0.8142033900533404, 0.6562326074420631, 0.6125564472628878, 0.5785146756218625, 0.7052611983441687, 0.6274461295310553, 0.639923560348424, 0.649700963264936, 0.6664822672481661, 0.6696928669879962, 0.6132767436566291, 0.5940199722717334, 0.5325745640249996, 0.7117713109239355, 0.6520387389056095, 0.6891357461353401, 0.8754559039295494, 0.8462114101880557, 0.7286374681181722, 0.7349265250679734, 0.8041425877577298, 0.914059440423916, 0.45311126209698716, 0.7786882767429599, 0.729251339064016, 0.9697285406775289, 0.8454583705245674, 0.634584597565911, 0.48912769614102003, 1.0484652097349043, 0.8181473961124173, 0.8419631228044435, 0.6476069234021298, 0.6097520897527794, 0.9333207502767638, 1.4472354333122055, 1.920886574627517, 1.2322457587564146, 0.8173965165367374, 0.5026837862157202, 0.5863254244451399, 0.5076519630172036, 0.453755491159179, 0.9394795058609603, 1.1493028920966308, 1.4819228502063009, 1.2849615208514324, 0.4209326199896924, 0.43051459456419017, 0.5095963334882414, 0.8111947763275791, 1.5262073115869002, 0.9291937169316528, 0.6667212720041151, 1.0239587190089288, 0.8133192627460926, 1.236419452475263, 1.0805092213989853, 0.752453250931455, 0.7782410344520172, 0.8631448687671067, 0.8401204405666945, 1.1335276067256927, 0.638858526558071, 0.49876477443552636, 0.876949926862469, 1.1743320969792155, 0.5734439935390051, 0.7824243148425957, 0.9047284428175394, 0.9080930038706049, 0.6993371422414656, 0.668770550133346, 0.5708328675140034, 0.6465925725249501, 0.6758452514549355, 0.659451101700981, 0.6077797318046744, 0.9286262346552564, 0.6121881288754476, 0.5553893234048571, 0.6339609884209447, 0.8584499815841774, 0.78528070682055, 0.7543881698088213, 0.7674590620127592, 0.8072123589453759, 0.6180288156905731, 0.6601835411864442, 0.5932657105195058, 0.5560571504877759, 0.5523162952491215, 0.55570247304904, 0.5172172771258787, 0.5874130538144668, 0.6761091231525719, 0.6886727740238239], "best_loss": 0.4209326199896924}