{"CI": 0.8629146028023998, "MSE": 0.3599225258478871, "AUPR": 0.59089249842111}6}