{"CI": 0.5632193609245093, "MSE": 0.6520842100892749, "AUPR": 0.5434253246753247}