{"CI": 0.8434080448150831, "MSE": 0.40495653527897674, "AUPR": 0.592394979782074}}