{"CI": 0.8141085389969741, "MSE": 0.4743088491551288, "AUPR": 0.5639840968041382}