{"epoch": [1, 2, 3, 4, 5, 6, 7, 8, 9, 10, 11, 12, 13, 14, 15, 16, 17, 18, 19, 20, 21, 22, 23, 24, 25, 26, 27, 28, 29, 30, 31, 32, 33, 34, 35, 36, 37, 38, 39, 40, 41, 42, 43, 44, 45, 46, 47, 48, 49, 50, 51, 52, 53, 54, 55, 56, 57, 58, 59, 60, 61, 62, 63, 64, 65, 66, 67, 68, 69, 70, 71, 72, 73, 74, 75, 76, 77, 78, 79, 80, 81, 82, 83, 84, 85, 86, 87, 88, 89, 90, 91, 92, 93, 94, 95, 96, 97, 98, 99, 100], "train_loss": [53.55346171281237, 0.6096615465145546, 0.5670224067054276, 0.5482045698437706, 0.5252686060406875, 0.5064056873903989, 0.49221761383917123, 0.4793259722790423, 0.46522801706767625, 0.45251482065026843, 0.43827962516185126, 0.4318743752928432, 0.41773509183225105, 0.40624955743065877, 0.39280471011559426, 0.37733267446682583, 0.3649586264395947, 0.34372480533992816, 0.32315704284739416, 0.3079559297728616, 0.2933967234839834, 0.27055779308177746, 0.25506053481505825, 0.2322657830066712, 0.21615702772955941, 0.19251138986321925, 0.17401116700533548, 0.18924397082107464, 0.17079795360662262, 0.16838544451840926, 0.17243403487562745, 0.15322314462463707, 0.15543391492448336, 0.159163193152277, 0.14054787241480637, 0.16210461723396755, 0.16752275111038445, 0.15317458841427917, 0.15692443946673737, 0.1646806745507818, 0.14636906758193471, 0.1321110096107865, 0.14744834706235785, 0.1348352979638095, 0.11647553011435251, 0.11765214637018959, 0.12204671233698289, 0.1188025836884393, 0.1050160738612231, 0.1185045776348743, 0.11063232306839978, 0.06404178925707985, 0.061394344372159106, 0.07423671741487538, 0.09427454265544391, 0.09735291530089969, 0.05036612624357112, 0.044268917644256875, 0.05211651336146877, 0.08043345454655564, 0.06571272155118299, 0.049119915091205106, 0.052047565227513984, 0.0733757877073187, 0.038823366771885935, 0.03290172718489597, 0.04005288132481544, 0.052358431219811936, 0.04837016382099945, 0.048034981657608326, 0.026444867860028334, 0.028815464583811037, 0.040973423200535077, 0.042758701627024415, 0.03869167343085383, 0.03147651011834121, 0.02650045587132148, 0.03303394566748158, 0.03012065829387608, 0.018544217074101834, 0.02131683335424149, 0.02372274682811592, 0.023077166793983223, 0.015674544654556033, 0.017722318106685866, 0.025531943644782232, 0.02434914101807079, 0.018639954192266595, 0.020260982514216475, 0.019021741152477088, 0.016160570467285303, 0.01375026856655261, 0.010907857586305091, 0.010316890979895568, 0.009819751741904583, 0.009470774001875704, 0.009149532023428997, 0.008759388971636951, 0.008283262905522162, 0.007878457766378159], "eval_loss": [1.204003367718164, 1.031040739703488, 0.7260618999406889, 0.7106470481141821, 0.6449995671773886, 0.7284545286909326, 0.7013059138477623, 0.7601478126916018, 0.7123059560726215, 0.6040932472263064, 0.6402639295760687, 0.7291986590081995, 0.5880445425773596, 0.6994846465138645, 0.7635668864497891, 0.6493270538457028, 0.6229186563135741, 0.6186510127086144, 0.6746519827223444, 0.9068135266954248, 0.782472299677985, 0.7497756728878269, 0.5304296732722938, 0.6078664124399037, 1.108885737208577, 1.0909779706558624, 0.5743797510475307, 0.7223915252592656, 0.8044162814493303, 0.5702168446082574, 0.9175076175045658, 1.150957095932651, 0.6453672072717122, 0.8043547942266835, 0.7945418555241126, 0.7227487877591864, 1.4298421577973799, 1.3424481447640952, 1.070736692323313, 0.4759833901733547, 0.6386603939455825, 1.1617377593919829, 0.8699960511226159, 0.7909312983611961, 1.0930022519904297, 0.6800162734149339, 0.9021687619871908, 1.234708913734981, 1.0351215736432509, 0.574656746991269, 0.6302807137563631, 0.7181624485687776, 0.5925066683973584, 1.0741367854855277, 0.9464639742653091, 0.7874955345283855, 0.8021315049815487, 0.7422800725930697, 0.7247119240172497, 0.9216573265465823, 1.131249717690728, 1.1218952056649443, 0.9590424291499249, 0.8321004029992339, 0.8290531793972115, 0.8561631940401994, 0.8134591660716317, 0.8936209531573506, 0.7959456134152103, 0.7739889900405685, 0.805011261980255, 0.8242392822519525, 0.8817110719618859, 0.7431325165482311, 0.7126863862012888, 0.6901912621476434, 0.8514499130187096, 1.0392613136149071, 0.9942498652191906, 0.9248328487594406, 1.0053912277345534, 0.930494997408483, 0.9104830084683059, 0.8977867260381773, 0.8271396222052636, 0.6889304485800979, 0.7084692681764627, 0.6328093310842267, 0.6869047204782437, 0.6444788193934924, 0.6486142535101284, 0.6645365096144862, 0.6762788616991663, 0.6981668679358123, 0.6772347551274609, 0.6687584232974362, 0.7038695378737017, 0.7948170164962868, 0.8249053970559851, 0.7801132891085241], "best_loss": 0.4759833901733547}