{"epoch": [1, 2, 3, 4, 5, 6], "train_loss": [1.9546349905795306, 0.7071772193481557, 0.6884731999825965, 0.6800095999085554, 0.6728272249721937, 0.6673416844796668], "eval_loss": [0.6882008107064607, 0.7047984749078751, 0.7011000334055393, 0.6559542911006259, 0.6550744077214947, 0.6581027238786995], "best_loss": 0.6550744077214947}