{"CI": 0.8936247974448698, "MSE": 0.302671417593956, "AUPR": 0.5923275269120626}