{"epoch": [1, 2, 3, 4, 5, 6, 7, 8, 9, 10], "train_loss": [28.642341398455034, 0.7411286254270846, 0.7034439270775947, 0.6967010144690349, 0.690573296640129, 0.6806821215424553, 0.6737615794234633, 0.6676761520607852, 0.6652773907013747, 0.6625581509903898], "eval_loss": [8.761093721761332, 0.6816293055360968, 0.7970930306942432, 0.7765136349510837, 0.9424248242920096, 0.9973397576189661, 0.7891847512551716, 0.6920981784532596, 0.6874169169308303, 0.7696078559020897], "best_loss": 0.6816293055360968}