{"epoch": [1, 2, 3, 4, 5, 6], "train_loss": [14.351163951698267, 0.574070037673273, 0.5556653470092177, 0.5269933278863516, 0.4910579763522754, 0.45314485562740786], "eval_loss": [0.701324719500232, 0.6536063155183545, 0.5896296164432129, 0.7264497585884937, 0.5464336452159014, 0.6582548515750216], "best_loss": 0.5464336452159014}