{"epoch": [1, 2, 3, 4, 5, 6, 7, 8, 9, 10, 11, 12, 13, 14, 15, 16, 17, 18, 19, 20, 21, 22, 23, 24, 25, 26, 27, 28, 29, 30, 31, 32, 33, 34, 35, 36, 37, 38, 39, 40, 41, 42, 43, 44, 45, 46, 47, 48, 49, 50, 51, 52, 53, 54, 55, 56, 57, 58, 59, 60, 61, 62, 63, 64, 65, 66, 67, 68, 69, 70, 71, 72, 73, 74, 75, 76, 77, 78, 79, 80, 81, 82, 83, 84, 85, 86, 87, 88, 89, 90, 91, 92, 93, 94, 95, 96, 97, 98, 99, 100], "train_loss": [65.32317066755668, 0.6312073312869678, 0.5759721243032027, 0.5568453774390081, 0.5397352454910838, 0.5202127631013479, 0.5039115273408858, 0.4920080848741997, 0.4801451538595392, 0.46802806485359366, 0.46146145094101126, 0.45346378619973743, 0.4447336352220964, 0.4388101655225412, 0.4306111361964906, 0.4204680831308085, 0.4142179530878409, 0.40511866947727015, 0.39809040555348224, 0.3855704403564285, 0.37200028869150514, 0.3590525868272937, 0.34512647146704917, 0.33291748122400106, 0.3179364360213668, 0.3045780130143274, 0.2869970726170835, 0.28060687345479907, 0.25936004791275297, 0.25418945501409834, 0.25995698367345604, 0.23434734577464747, 0.23641121707832385, 0.25721504522263033, 0.25829260643413865, 0.2533061921790679, 0.25379122186949665, 0.24679570720327793, 0.24527635316118743, 0.25011904445455596, 0.2342741140907673, 0.2375562111892607, 0.2395469686592829, 0.24580228328704834, 0.23410514700878715, 0.23476423978417238, 0.22472856162231208, 0.22741301784880386, 0.23625322229893278, 0.2389203503193995, 0.23440835467184792, 0.22867515081303127, 0.2291263494798337, 0.23771371364787658, 0.2258455526654029, 0.24060790721290662, 0.25084932638690216, 0.24182917784401958, 0.2482063728551523, 0.2416391658084012, 0.2323992054800257, 0.2273131075045185, 0.23282715877220764, 0.2130621910240829, 0.22347831051396236, 0.20895502078028377, 0.20284828041294886, 0.1937850432694929, 0.21256104058279665, 0.2093719172652459, 0.19145472694782947, 0.16701637164777575, 0.1948661099427686, 0.19747376541458433, 0.15632545042795157, 0.14863865757027356, 0.15920768251054063, 0.17589525565359415, 0.18539915461979006, 0.17815286831184007, 0.1717643956941968, 0.1611877637111403, 0.15612942739981395, 0.1529353752441049, 0.15065982051994592, 0.1447232744932563, 0.14310563154251646, 0.12395835402103123, 0.12296634406482358, 0.12183760210920234, 0.11574877003747788, 0.10623640073190295, 0.09058168876297311, 0.08359990969106118, 0.07339681046696361, 0.056477985002027664, 0.030531192902196504, 0.03138978918862653, 0.02838844090930705, 0.018587892826537358], "eval_loss": [0.9319841900429169, 0.9024576827303156, 0.9438864383604619, 0.8094643741459041, 0.6949979343584606, 0.6247274579552861, 0.6156342393392092, 0.6270126313358159, 0.5793017404420036, 0.5390802403162052, 0.7153715520323097, 0.565441266476334, 0.6494038356589033, 0.6446148244204459, 0.5903324343554386, 0.6143132566244571, 0.6002601464460422, 0.5435766302920008, 0.565352648883671, 0.5745122436579172, 0.5976854833689603, 0.7107391245179362, 0.698663130402565, 0.7784365156254212, 0.7095686510785834, 0.7922687611796639, 0.7148130867001298, 0.663160941236979, 0.7684717979524043, 0.6246631967943984, 0.5045353363860737, 0.5338679788174567, 0.9236055302929569, 0.8331792656477396, 0.790164888292164, 0.7379820157181133, 0.6001542615039008, 0.7296071724071131, 0.6327218020504172, 0.7284267300909216, 0.5931349139321934, 0.5199975470056781, 0.6099461433175323, 0.5709785722292863, 0.708415715725391, 0.6111474940916161, 0.7031068608358308, 0.6910337573522097, 0.8429815157667383, 0.8072891483059177, 0.707794546500429, 0.9648687905305392, 0.6986738445309849, 0.7072469148930017, 0.5468537815205463, 0.771397684688692, 0.7095367738178798, 0.4162012411208896, 0.6170758330202722, 0.6339225231052993, 0.6246021699595761, 0.9667717829927222, 0.6376854787012199, 1.0931078118163269, 0.49402124483089943, 0.5453149515700031, 0.530905647904842, 0.5626536396803794, 0.5192800690601398, 0.4418682138641159, 0.5037300687331658, 0.6497699337733256, 0.8269851134194957, 0.6825157249128664, 0.6746154791348941, 0.5970813781023026, 0.5358889294522149, 0.4462626160352261, 0.5450268534870891, 0.8260300770982519, 0.37891430223917033, 0.9213425071982594, 1.0536504825214288, 0.43296423457659683, 0.5125590168036424, 0.9759475898433041, 0.9311260488126185, 0.7352692523559967, 0.4895828546254666, 0.3229830784650592, 0.5085067015576672, 0.5707504776391116, 0.44616286205006883, 0.7804058910190285, 0.48278083371651637, 0.5796986156469816, 0.5602610604716586, 0.49193934864037997, 0.4796236888928847, 0.4516364899161574], "best_loss": 0.3229830784650592}